triplet_id,label,reason
2a6e3b13-943b-53e4-9c70-57f0a4194772,UNSUPPORTED,"The passage does not mention the year of birth, only the month and year."
af3c45c4-0c8e-5bd5-b4cc-524912d3706e,SUPPORTED,The passage explicitly mentions Nick Carter releasing the album 'All American'.
cbc18c88-8e65-5a9f-81bd-e9af96b49880,UNSUPPORTED,The passage does not mention the release year of the film as a fact.
53b4ea93-1225-5db1-a265-d21f36cbac47,ENTITY_ERROR,"The passage mentions Werner as the half-sibling of Andrea and Andreas, not the other way around."
045d75ce-e87e-5ada-8fe6-483048bcb20f,SUPPORTED,The passage explicitly states Salma Hayek's nationality as Mexican.
d3ff3943-2d93-591a-aa4d-6aab16a0dd36,ENTITY_ERROR,"The passage states that Mwabvi Wildlife Reserve is in Malawi, but the object is incorrectly stated as Malawi, which is the country, not the location of the reserve."
bddae936-d6dd-5e18-851d-f432dfafd66c,SUPPORTED,The passage directly states Francis McPeake is a member of The McPeake family.
96560dfb-9cda-5e0e-8202-1c179def9df0,UNSUPPORTED,The passage does not mention the year Alexander Nikolayev was born.
3ce80c65-7714-533b-ab74-0ce363a49fc1,RELATION_ERROR,"The passage states Aarhus is northwest of Copenhagen, but also mentions it is south of London, which contradicts the northwest relation."
35615a83-6a3d-5f14-a0cc-0256ca26d165,SUPPORTED,The passage directly states that Apratim Majumdar is from Kolkata.
43f3e498-64c4-589a-80c2-9e6c937655b9,RELATION_ERROR,"The passage states that Garfield was assassinated and preceded by Lincoln, but the triplet incorrectly states that Garfield preceded Kennedy."
1f26b688-922b-5374-a000-0d22368df4cc,SUPPORTED,The passage explicitly states that Brady Seals was a co-lead vocalist and keyboardist in Little Texas.
7e71b087-ced4-5c37-a2f1-bd67f1cfc992,SUPPORTED,The passage directly states that James A. Garfield was shot by Charles J. Guiteau.
2800585b-d38c-5206-894c-fe0299eed22e,ENTITY_ERROR,"The passage states that David Hasselhoff plays the role of Fury, but the extracted triplet incorrectly identifies the object as Nick Fury, when in fact the passage is referring to the character played by Hasselhoff."
56832528-5aef-5a26-9fdc-10c5b8eb082b,SUPPORTED,The passage directly states that Kurt Vonnegut Jr. published 14 novels.
b24f4c71-e92c-593a-b134-bb5c831f540f,UNSUPPORTED,The passage does not mention Laurie Metcalf playing the role of Dr. Jenna James.
4d9ee269-24a8-50bc-8a42-63f26ea8dd65,ENTITY_ERROR,"The passage lists Johnny Duncan as a cousin of Brady Seals, but also mentions Dan Seals as a cousin, suggesting that Johnny Duncan is not the only cousin."
ba328bfe-2f1a-58a1-a588-0b94e3bea1c8,RELATION_ERROR,"The passage states Aarhus is located northwest of Copenhagen, not south of London."
627e1959-e661-519c-abc8-ceaa7b054b95,UNSUPPORTED,The passage does not mention the spoken language of Sergei Aleksandrovich Tokarev.
d952b24d-32c3-5a38-bd0f-64725acfe554,SUPPORTED,The passage directly states the fact without any loss of meaning.
d609b5ba-789f-590a-8343-09eec0994b24,SUPPORTED,"The passage directly states that Annette Bening co-stars as Lester's materialistic wife, Carolyn."
956f8662-292f-5a9a-bb2e-49a1bd663714,SUPPORTED,The passage explicitly states that the Berger Blanc Suisse has the same origins as the White Shepherd.
d6b781f7-86ab-59eb-b9db-d314bc52738a,RELATION_ERROR,"The passage states 'has been criticized', but the extracted triplet uses 'has_been', which is a different verb tense."
e4d12d6b-ab66-5fe6-ab08-d572edf41013,SUPPORTED,The passage directly states that Benedict Arnold was commissioned into the British Army as a brigadier general.
b613dd9e-e6ef-5de5-ab6a-288088f2fcda,ENTITY_ERROR,"The object 'someone who is based at Disney' does not match the actual writer of Finding Dory, which is not specified in the passage."
e661a4da-e107-51d7-bdb7-94236769da03,SUPPORTED,The passage explicitly mentions Salma Hayek's role in 'Wild Wild West'.
b769e68e-597c-5c2d-90c9-70f63630cdf3,ENTITY_ERROR,"The passage states it is Malawi's smallest national park, not the smallest national park of Malawi."
35eb98f2-7663-5153-aafa-1c085a0d5d9b,SUPPORTED,The passage directly states that the New Orleans Pelicans are a member club of the Western Conference Southwest Division.
1f73b94b-7088-520a-8e88-517ba6c6f499,SUPPORTED,The passage directly states that American Beauty was directed by Sam Mendes.
a145a22a-c60c-5235-bb5b-0620adf7f67b,SUPPORTED,The passage directly states that Roosa conducted experiments from orbit in the Command Module 'Kitty Hawk'.
7182f412-1cb7-5edc-a647-c772e1dffba2,ENTITY_ERROR,"The passage describes it as 'posthumous collection of his previously unpublished writings', not just 'posthumous collection'."
a41d6a37-3b83-5a80-9088-dfc8195eab82,ENTITY_ERROR,"The passage mentions the 'Tour de France', but the triplet uses '2016 Tour de France', which includes an additional detail not present in the passage."
5ad778e8-952c-55e0-92b6-7d1b32424f76,RELATION_ERROR,"The passage states that the film covers the differences between large and small breweries, and how advertising and lobbyists are used to control the beer market, but the extracted triplet misstates this as 'covers the use of advertising and lobbyists'."
5df174f3-2444-5eb2-a936-aae2d46966ed,ENTITY_ERROR,"The passage specifies the region as South America, but the extracted triplet mentions football clubs in South America, implying a broader scope."
8a5fe518-fe86-5bbe-87c0-63b32c9795da,SUPPORTED,The passage directly states the release date of 'A Pair of Brown Eyes'.
262bcb48-7621-596a-9fb0-7d94b5c9f422,SUPPORTED,The passage directly states the base is also known as 'The Home of the Submarine Force'.
08ec131c-477f-5b42-beb0-7f72537b7827,ENTITY_ERROR,"The passage states that 'The Braes of Balquhither' is a song by Robert Tannahill, but the triplet's subject and object are identical, suggesting a merged entity."
475a8cdc-1751-5fcb-a0f7-34175fb6d609,SUPPORTED,"The passage directly states that Lester Burnham becomes infatuated with Angela, which implies a midlife crisis over her."
46790689-4e47-5360-a2eb-86cb2eb96f69,SUPPORTED,The passage explicitly states that Tom Clancy was a part-owner of the Baltimore Orioles.
df456609-9381-58d0-bc8d-fd42bb07edc4,SUPPORTED,The passage directly states that Corelli appeared on the stages of most of the major opera houses in Europe and with opera companies throughout North America.
